"id","name_id","descr_it","category_it","open_time_it","tickets_it","covered_by_verona_card","discount_with_verona_card","address","latitude","longitude"
"51","Chiesa di San Lorenzo","Chiesa romanica dell'inizio del XII sec., fu costruita sul luogo di una precedente basilica paleocristiana (frammenti di decorazioni nel cortile d'accesso). Subì pesanti interventi di restauro nel 1877 e nel secondo dopoguerra.\n
L'edificio presenta il tipico paramento delle costruzioni romaniche veronesi, a fasce alternate di tufo giallo-ocra e mattoni rossi, con alcuni filari di ciottoli disposti a spina di pesce. La facciata è compresa fra due insolite torri scalari cilindriche, attraverso le quali si aveva accesso ai matronei. Il protiro pensile e il campanile (ricostruito in epoca recente) risalgono alla seconda metà del XV sec.\n
L’interno è a tre navate; sopra quelle laterali si trovano i matronei, con logge che si affacciano sulla navata centrale.\n
Sull'altare maggiore è posto il dipinto Madonna con Bambino che appare ai santi di Domenico Brusasorci (1566). Notevoli i frammenti di affreschi del XIII e XIV sec. raffiguranti angeli e santi e, nella cappella della navata sinistra, il David di Nicolò Giolfino.","Chiese","sito visitabile compatibilmente con gli orari delle celebrazioni","entrata libera","no","0","Corso Cavour, 28 - Verona1","45.4411337","10.9915102"
"52","complesso del Duomo","Più che un singolo edificio la Cattedrale, dedicata a Santa Maria Assunta, risulta essere un complesso architettonico articolato di cui fanno parte San Giovanni in Fonte, Santa Elena, il chiostro dei Canonici, la biblioteca Capitolare, il museo Canonicale, l'antistante piazza e il Vescovado.\n
Nella zona dove sorge oggi il Duomo si trovavano, in epoca romana, delle ville con balnea privati e, probabilmente, dei tempietti per il culto.\n
La prima basilica paleocristiana fu costruita nell'area occupata attualmente dalla chiesa di Santa Elena. Consacrata da San Zeno, vescovo di Verona tra il 362 e il 380, risultò presto troppo piccola e, qualche decennio più tardi, si provvide all'edificazione di una basilica più ampia. Ampi resti di pavimento a mosaico delle due basiliche paleocristiane sono visibili sotto la chiesa di Santa Elena e nel chiostro canonicale.\n
La seconda basilica paleocristiana crollò, verosimilmente nel VII secolo, a causa di un violento incendio o, forse, di un terremoto. La ricostruzione fu guidata dall'arcidiacono Pacifico, tra VIII e IX secolo. La Cattedrale, menzionata come Santa Maria Matricolare, venne spostata a sud, nell'area sulla quale insiste l'attuale edificio.\n
La chiesa fu gravemente danneggiata dal terremoto del 1117. Il cantiere di restauro si protrasse per almeno un ventennio: l'edificio acquistò l'ampiezza attuale e vennero realizzati i due protiri romanici.\n
L'interno venne completamente rinnovato tra la metà del XV e la metà del XVI secolo, con la costruzione di cappelle laterali e l'inserimento del tornacoro semicircolare.
All'esterno: la facciata d’impianto romanico, il doppio protiro di Nicolò (1138), il portale con rilievi e lunetta, lo splendido protiro laterale e la zona absidale. All'interno: il tornacoro di Sanmicheli, opere di Falconetto, Liberale, Giolfino, Torbido e l’Assunzione della Vergine di Tiziano (1530).","Chiese","nov–feb orario feriale 10.00-13.00/13.30-17.00* <br/>*sabato fino alle ore 16.00<br/><br/>nov–feb domenica e festività religiose 13.30-17.00<br/><br/>mar-ott orario feriale 10.00-17.30 <br/><br/>mar-ott domenica e festività religiose 13.30-17.30","intero €3,00 <br/><br/>ridotto €2,00 <br/><br/>gruppi (min 20 pers) €2,00 <br/><br/>scuole €1,00 <br/><br/>0-11 anni gratuità<br/><br/>entrata libera per i residenti della diocesi","riduzione percentuale","0.5","Piazza Duomo - Verona1","45.4470766","10.9967941"
"54","Basilica di Santa Anastasia","La chiesa di Sant'Anastasia è uno splendido esempio di gotico italiano. Fu eretta a partire dal 1290 con il contributo della famiglia che governava la città, gli Scaligeri, e di altre famiglie veronesi. Prima dell'attuale edificio qui esistevano due chiese dedicate, una a Sant'Anastasia e l'altra a San Remigio.\n
Nel 1290 i domenicani chiamati a custodirle, decisero di costruire al loro posto un'unica chiesa dedicata a San Pietro da Verona detto anche San Pietro Martire, ma il popolo continuò a chiamarla Sant'Anastasia. Accanto alla chiesa i monaci domenicani avevano un grande convento.\n
L'opera di costruzione del sacro edificio continuò per tutto il 1300 e il 1400 e finalmente nel 1500 si ebbe l'ultima fase dei lavori per il suo completamento. La facciata è l'unico elemento mai portato a termine.\n
Sant'Anastasia è la chiesa più grande di Verona. La basilica si sviluppa in tre grandi navate sorrette da 12 imponenti colonne di marmo rosso di Verona. Sul transetto si aprono 5 cappelle. Sul lato sinistro si apre l'antico oratorio del convento, Cappella Giusti.
La chiesa, ricchissima di opere d'arte, custodisce anche il celebre affresco del Pisanello San Giorgio e la Principessa, tornato nella sua collocazione originaria sopra la Cappella Pellegrini.\n
All'esterno la facciata incompiuta con lo splendido portale gotico e la zona absidale, posta sulla riva del fiume Adige. All'interno: gli altari con le cappelle con opere di Pietro da Porlezza, Cattaneo, Michele da Firenze, Liberale da Verona, Girolamo Dai Libri, Giolfino, Brusasorzi, Altichiero, e Pisanello. All'ingresso i singolari gobbi che reggono l'acquasantiera.","Chiese","nov–feb orario feriale 10.00-13.00/13.30-17.00<br/><br/>nov-feb domenica e festività religiose 13.00-17.00<br/><br/>mar-ott orario feriale 9.00-18.00 <br/><br/>mar-ott domenica e festività religiose 13.00-18.00","intero €3,00<br/><br/>ridotto €2,00 <br/><br/>gruppi (min 20 pers) €2,00<br/><br/>scuole €1,00<br/><br/>0-11 anni gratuità <br/><br/>entrata libera per i residenti della diocesi","riduzione percentuale","0.5","Piazza Santa Anastasia - Verona1","45.445176","10.999825"
"62","Chiesa di San Fermo","Nel luogo in cui nel 304, secondo l'antica tradizione, subirono il martirio i santi Fermo e Rustico, il popolo di Verona costruì, nel V secolo, una chiesa in loro onore. Tra il 755 il 759, il vescovo di Verona Annone recuperò a Trieste le reliquie dei Martiri e le depose nella chiesa paleocristiana.\n 
Dal 1065 al 1143 circa, i Benedettini demolirono fino al pavimento la chiesa paleocristiana e, per conservare le reliquie dove le aveva poste Annone, costruirono una chiesa romanica su due piani: quella inferiore per custodirvi le reliquie e quella superiore per le celebrazioni con il popolo.\n
Nel 1261 i Francescani sostituirono i Benedettini a San Fermo e trasformarono la chiesa superiore e l'atrio antistante nella forma attuale: l'opera poteva dirsi conclusa verso il 1350. Lungo i secoli vi aggiunsero altari, cappelle e monumenti funebri.\n
Nel 1759 per preservare le reliquie dei Martiri dalle alluvioni dell'Adige, il sarcofago, con la cassa di piombo e le reliquie, fu posto al centro del nuovo altare maggiore della chiesa superiore. Nel 1807 i Francescani, a seguito dell'occupazione napoleonica, furono costretti a lasciare San Fermo.\n
All'esterno: il portale con le arche poste ai lati e la zona absidale. All'interno: il superbo soffitto ligneo a carena multipla di nave e affreschi del XIV e XV secolo, opere di Turone, Torbido, Stefano e Liberale da Verona, Caroto e affresco di Pisanello; la chiesa inferiore, rarissima per le quattro navate, è un gioiello del romanico.","Chiese","nov–feb orario feriale 10.00-13.00/13.30-17.00 <br/><br/>nov–feb domenica e festività religiose 13.00-17.00<br/><br/>mar-ott orario feriale 10.00-18.00 <br/><br/>mar-ott domenica e festività religiose 13.00-18.00","intero €3,00<br/><br/>ridotto €2,00<br/><br/>gruppi (min 20 pers) €2,00<br/><br/>scuole €1,00<br/><br/>0-11 anni gratuità<br/><br/>entrata libera per i residenti della diocesi","riduzione percentuale","0.5","Stradone san Fermo - Verona1","45.4391952","11.0000235"
"63","Basilica di San Zeno","La basilica di San Zeno è senza dubbio una delle più belle chiese romaniche esistenti in Italia. L'intenso cromatismo è dato dall’impiego della pietra di tufo usata sola o alternata a mattoni.\n 
L'origine del primitivo nucleo di San Zeno è da ricondurre alla chiesa e al cenobio eretti nell'area cimiteriale romana e paleocristiana vicina alla Via Gallica, sorti sul luogo di sepoltura del Vescovo Zeno per conservarne la memoria e le reliquie. San Zeno, di origine africana, fu l'ottavo vescovo di Verona (362-380 circa) e convertì la città al cristianesimo.\n
Il primitivo nucleo subì nel VI secolo dei rifacimenti. Con l'espandersi del culto del Santo, fra l'805 e l'806, venne realizzata una basilica più vasta con annesso monastero, consacrata nell'806.\n
Alla fine dell'XI secolo la chiesa fu oggetto di un grande ampliamento e rinnovamento: la quasi totalità della struttura attuale è da riferire a questa fase dei lavori. Il terremoto del 1117 compromise gran parte dell'opera già eseguita. I lavori, ripresi subito dopo il terremoto, si protrassero fino al 1138.\n
Altri importanti interventi si susseguirono nei secoli XII, XIV e XIX. Il complesso di San Zeno, cessò di esistere come monastero per volere della Repubblica Veneta nel 1770.\n
All'esterno: la facciata con il grande rosone detto “Ruota della fortuna”, i bassorilievi marmorei ai lati del protiro, le famose porte bronzee, il campanile e la Torre dell'Abbazia (XII sec.).\n
All'interno: affreschi dal XII al XIV sec, il fonte battesimale, il soffitto a carena di nave, la cripta con le spoglie di San Zeno, la statua policroma detta “San Zen che ride” e il celebre trittico di Andrea Mantegna (1457-59).","Chiese","nov-feb feriale 10.00-13.00/13.30-17.00<br/><br/>nov-feb domenica e festività religiose 12.30-17.00<br/><br/>mar-ott feriale 8.30-18.00 <br/><br/>mar-ott domenica e festività religiose 12.30-18.00","intero €3,00<br/><br/>ridotto €2,00  <br/><br/>gruppi (min 20  pers) €2,00<br/><br/>scuole €1,00 <br/><br/>gratuità 0-11 anni<br/><br/>entrata libera per i residenti della diocesi","riduzione percentuale","0.5","Piazza San Zeno - Verona1","45.442372","10.9786355"
"70","Chiesa di San Bernardino","Il complesso conventuale di san Bernardino è stato iniziato due anni dopo la canonizzazione del santo senese, nel 1452, su esplicita richiesta dei veronesi. Sopravvisse a stento alle soppressioni e spoliazioni del secolo XIX. Il convento servì, di volta in volta, sotto i francesi, gli austriaci e il Regno d'Italia come ospedale, cimitero cittadino, magazzino e collegio.\n
Il luogo per la fondazione della chiesa e dell'annesso convento fu scelto da san Giovanni da Capestrano, compagno e amico di san Bernardino da Siena, dopo la canonizzazione di quest'ultimo nel 1450. San Bernardino, propugnatore del movimento dell'Osservanza all'interno dell'Ordine Francescano e celebre predicatore, fu a Verona nel 1422 e nel 1443.\n
Con la sua predicazione diffondeva la venerazione del nome di Gesù, che raffigurava nel monogramma IHS (Iesus Hominum Salvator) contornato da un sole di dodici raggi (i dodici apostoli).\n 
Il complesso comprende quattro chiostri. Il maggiore (chiostro di Sant'Antonio, dalle raffigurazioni delle lunette) serve da sagrato della chiesa. La chiesa, interamente costruita in mattoni, è un edificio tipico, per sobrietà formale e semplicità strutturale, dell'architettura degli ordini mendicanti.","Chiese","sito visitabile compatibilmente agli orari delle celebrazioni","entrata libera","no","0","Stradone A. Provolo, 28 - Verona1","45.4389054","10.9811246"
"73","Chiesa di San Giorgio in Braida","Fondato come monastero dei Benedettini nel 1046, fu completamente rinnovato in forme rinascimentali dopo che il cenobio fu ceduto alla congregazione di San Giorgio in Alga, nel 1441.\n 
L'edificio è dominato dalla grande cupola di Michele Sanmicheli, per la cui realizzazione fu mozzata la torre romanica in tufo, sul fianco della chiesa. La facciata in marmo bianco è a due ordini e presenta nicchie con statue di santi. L'interno è a navata unica, fiancheggiata da cappelle cinquecentesche.\n
Di grande pregio le opere pittoriche qui conservate. Oltre ai dipinti di Domenico Tintoretto, Domenico e Felice Brusasorci, Bernardino India, Giovan Francesco e Francesco Caroto, Paolo Farinati e Moretto da Brescia, sono da segnalare il Battesimo di Cristo di Jacopo Tintoretto, le portelle dell'organo dipinte da Girolamo Romanino e la Sacra Conversazione di Girolamo dai Libri. Nell'abside, l'altare di scuola sanmicheliana inquadra lo splendido Martirio di San Giorgio, capolavoro di Paolo Veronese, la sua più grande e bella opera conservata a Verona.","Chiese","sito visitabile compatibilmente con gli orari delle celebrazioni","entrata libera","no","0","Lungadige San Giorgio - Verona1","45.4488567","10.9957319"
"74","Chiesa di Santa Maria in Organo","La chiesa, in prossimità della porta Organa, esisteva già in epoca longobarda e in seguito diventò un importante monastero benedettino.\n 
Durante la metà del XV secolo, vennero edificati la sagrestia (""la più bella d'Italia"" per G.Vasari) e il presbiterio, entrambi impreziositi dalle tarsie lignee di Fra' Giovanni da Verona; negli stessi anni Francesco Da Castello edificava il chiostro e il campanile.\n
L'interno, vivacemente affrescato, è ricco di im­portanti dipinti di artisti rinascimentali veronesi. Nella cripta (VI - VIII sett.) sono presenti elementi romani di spoglio.\n
La facciata incompiuta è opera di Mi­chele Sanmicheli.\n\n
CORO DI SANTA MARIA IN ORGANO\n
Nelle pareti del presbiterio, dietro l'altare maggiore, è addossato il coro in legno di noce che si compone di 41 stalli, 27 nel registro superiore e 14 in quello inferiore. Sul fregio, sopra la cattedra centrale, è intarsiata la data 1499. L'opera, che ha subito nel corso dei secoli vari rimaneggiamenti e restauri, venne realizzata a partire dal 1494 da fra Giovanni da Verona (1457-1525) insieme ad alcuni allievi.\n
In ogni stallo, con i braccioli decorati da grifoni con volto umano, lo schienale è suddiviso in pilastrini variamente intarsiati e inquadrato da un arco sostenuto da lesene. Le 27 tarsie rappresentano un sunto dell'arte prospettica italiana nella quale si cristallizza la formula dei “falsi armadi” con vedute di città o paesaggi. Vi sono riferimenti precisi alla città di Verona, al patrono S.Zeno e alla chiesa di S.Maria in organo.\n
Il coro venne completato con il leggio realizzato tra il 1500 e il 1501.","Chiese","sito visitabile compatibilmente agli orari delle celebrazioni","entrata libera","no","0","Piazzetta Santa Maria in Organo 1 - Verona1","45.4444016","11.0043137"
"79","Chiesa di Santa Maria Antica","Santa Maria Antica è una chiesa in stile romanico situata nel centro storico di Verona, a lato delle gotiche arche scaligere.\n
Sorge sul luogo di una precedente chiesetta dell'VIII secolo; venne distrutta dal terremoto del 1117 e poi ricostruita. Il nuovo tempio venne consacrato nel 1185 dal patriarca d'Aquileia, mentre Papa Alessandro III, nel 1177, ne avrebbe consacrato l'altare maggiore. Nel periodo scaligero divenne la “cappella privata” della famiglia Della Scala, che fece costruire, a fianco, le Arche scaligere, ovvero il cimitero di famiglia.\n
Modificata, soprattutto all'interno, più volte nel corso dei secoli, fu riportata all'essenza originale grazie ai restauri tardo-ottocenteschi. Si accede alla chiesa dall'ingresso laterale, sovrastato dall'arca di Cangrande I della Scala. Il sarcofago è situato entro un arco trilobato e sovrastato da una statua equestre del principe, fedele riproduzione dell'originale custodita nel museo di Castelvecchio.\n
L'interno della chiesa è a tre navate, divise da due serie di sette colonne in pietra rossa con capitelli squadrati e archi a sesto rialzato, che terminano in altrettante piccole absidi ricavate nello spessore del muro.
Un mosaico con decorazioni a tessere bianche e nere, riferibile al pavimento originale della chiesa di Santa Maria Antica (circa metà dell'VIII secolo) è stato rinvenuto nel secolo XIX.\n
Le recenti ricerche archeologiche hanno tra l'altro attestato l'esistenza, nei pressi della chiesa, di un'area cimiteriale abbastanza vasta. Sono state qui, infatti, rinvenute una cinquantina di sepolture, tutte d'età successiva alla fondazione della chiesa e probabilmente attribuibili in buona parte al secolo XI.","Chiese","mattino:     7.30-12.30<br/>pomeriggio: 15.30-19.00","","no","0","Via Arche Scaligere 3  - Verona1","45.443534","10.9991558"
"100","Porta Nuova","Porta Nuova venne eretta tra il 1532 e il 1540, su progetto dell'architetto Michele Sanmicheli e del Capitano Generale della Chiesa Francesco Maria Della Rovere. Sanmicheli realizzò anche porta Palio e porta San Zeno, esempi del
 patrimonio rinascimentale della città.\nA differenza di porta Palio, realizzata secondo i canoni estetici rinascimentali, reclama una funzione strettamente militare, come suggeriscono muri e pilastri spessi, abbastanza da resistere al rinculo dei cannoni, e ampi tanto d
a permettere la manovra degli stessi.\n
Nel corso degli anni la porta ha subito diverse modifiche a causa della sua posizione sul principale asse stradale di accesso alla città.\n
Significativa è quella voluta dagli Austriaci nel 1854 per agevolare il transito, aprendo un secondo fornice sulla 
destra per l'ingresso alla città e uno sulla sinistra per sole ragioni di simmetria.\nI due portali alle estremità della facciata interna conducono ad una galleria, detta di contromina, che corre sotto la porta e sotto le strade fino ai bastioni di SS. Trinità e dei Riformati.","Monumenti","","","no","0","Corso Porta Nuova - Verona1","45.4311698","10.9880715"
"101","Porta San Zeno","Porta San Zeno è costruita nel 1542 su progetto di Michele Sanmicheli che realizzò anche porta Nuova e porta Palio, esempi del patrimonio rinascimentale della città.\n 
Per probabili ragioni economiche, il risultato è un’opera piuttosto semplice, con un limitato uso della pietra, combinata con ampie campiture a mattoni.\n
Si presenta a pianta quadrata articolata su un grande androne centrale, con un passaggio pedonale laterale e il vano per il corpo di guardia.\n
Economia e velocità di esecuzione hanno fatto preferire una progettazione più affrettata, riproducendo un disegno già utilizzato da Sanmicheli per la porta di Zara, in Dalmazia.\n
Da quasi trentacinque anni porta San Zeno è sede del Bacanal del Gnoco, il tradizionale Carnevale veronese. Grazie al restauro svolto per mano del Comitato del Bacanal, si è riuscito a salvare dall'incuria e dalle inclemenze atmosferiche i locali interni della porta.","Monumenti","","","no","0","Via Vittime Civili di Guerra - Verona1","45.4428067","10.9754974"
"102","Porta Palio","Porta Palio fu costruita tra il 1550 e il 1561 sotto la direzione dell'architetto e ingegnere Michele Sanmicheli, che però non vide mai l'opera compiuta a causa della sua morte avvenuta nel 1559. Sanmicheli realizzò anche le porta Nuova e porta San Zeno, esempi del patrimonio rinascimentale della città.\n 
Lo sforzo è stato quello di coniugare le esigenze belliche con una spiccata ricerca architettonica rinascimentale. Il senso di potenza è trasmesso dallo stile dorico mentre la grandezza romana è richiamata dagli elementi compositivi e decorativi classici.\n
La nuova porta sorse al posto della medioevale porta del Palio, detta dai Veronesi “stupa” che si apriva solo in occasione del palio del drappo verde, una manifestazione in cui si tenevano due gare di velocità: il palio dei cavalli e quello dei corridori. Al vincitore dei corridori veniva consegnato in premio un drappo verde di 12 metri.\n
Le facciate della porta sono diverse l'una dall'altra. Quella rivolta verso la città è più sobria mentre l'altra, rivolta all'esterno, è sontuosa ed elaborata ed accoglie chi giunge da fuori città indirizzandolo al cuore della “classicità” veronese, attraverso un percorso rettilineo, che ripercorre la romana via Postumia.\n
Vi si incontrano in successione l’arco dei Gavi, la porta Borsari e infine la piazza delle Erbe, sulla cui area sorgeva il foro romano.","Monumenti","","","no","0","Stradone Porta Palio - Verona1","45.4353294","10.9800303"
"110","Torre del Gardello","La Torre del Gardello, completata nel 1370, sorge probabilmente sulle fondamenta di un'antica torre di guardia all'incrocio del cardo con il decumano massimo romano.\n
Innalzata per volere di Cansignorio Della Scala, era al tempo, con i suoi 44 metri, l'edificio più alto in città, superato successivamente da Torre dei Lamberti.\n
Era detta anche “torre delle ore” e quindi “dell'orologio” perché nel Quattrocento vi fu collocato il primo orologio cittadino, uno dei più antichi d’Europa, formato da un congegno meccanico collegato alla campana fatta fondere da Cansignorio con l'immagine di San Zeno e lo stemma scaligero, ora conservata al museo di Castelvecchio.","Monumenti","","","no","0","Piazza Erbe - Verona1","45.4435462","10.9965742"
"204","Funicolare di Castel San Pietro","Per chi vuole ammirare la città di Verona da un'altra prospettiva, ora lo straordinario piazzale panoramico di Castel San Pietro è a portata di mano.\n
La funicolare di Verona si trova nelle immediate vicinanze del Teatro Romano, a pochissimi passi dalla Chiesa di Santo Stefano. Già negli anni precedenti la prima guerra mondiale era stata pensata per favorire gli studenti nel raggiungere l'Accademia delle Belle Arti, che un tempo si trovava presso Castel San Pietro, oltre che per valorizzare la bellezza dell'area del castello asburgico e renderlo fruibile al flusso turistico già prosperoso.\n
Fu inaugurata la prima volta nel 1941, ma l'avvento della seconda guerra mondiale e le ristrettezze economiche ne comportarono la chiusura nel 1944. Nel corso degli anni ottanta e novanta si susseguirono diverse proposte per la sua ricostruzione, e dopo diversi progetti l'impianto è stato riaperto nel giugno 2017 sotto forma di ascensore inclinato.\n
La funicolare permette di percorrere in circa 90 secondi 159 metri, con un dislivello di 55 metri e raggiungere così facilmente Castel San Pietro e accedere alla terrazza con la veduta panoramica su tutta la città.","Monumenti","estivo (aprile-ottobre) 11.00 – 21.00 (ultima corsa alle 20.45)<br/><br/>invernale (novembre-marzo) 10.30 – 16.30<br/><br/>chiuso 25 dicembre e 1 gennaio","intero € 2,00<br/>la tariffa si intende comprensiva di salita e discesa<br/><br/>solo discesa € 1,00 (sola salita non consentita)<br/><br/>ridotto (under 10 e over 65) € 1,00<br/><br/>gruppi (min 15 pers) € 1,50 per pers","gratis","1","Vicolo Cieco Zini, 3 - Verona0","45.448822","11.000838"
"43","Arco dei Gavi","Sul lato destro di Castelvecchio, in una piccola area verde affacciata sull’Adige, si erge questa costruzione del I sec. d.C., dell’architetto romano Lucio Vitruvio Cerdone. La firma dell’autore sul monumento, fenomeno molto raro in età classica, è uno degli aspetti che hanno reso famoso l’arco che fu costruito per celebrare una delle famiglie più importanti della Verona romana, la gens Gavia.\n
In origine era posto sulla via Postumia, poco distante dall’attuale torre dell’Orologio di Castelvecchio (la collocazione originaria è riconoscibile per la segnalazione, sul selciato, della posizione delle basi dei pilastri). Nel Medioevo l’arco, compreso tra le mura scaligere e la Torre, fu usato come porta urbica. Nel ‘500 vi furono addossate delle costruzioni e vi si insediarono alcune botteghe.\n
Nel 1805, durante l’occupazione napoleonica, i francesi ne decisero la demolizione, perché ritenevano l’arco d’intralcio al traffico (soprattutto militare). Le pietre del monumento vennero prima spostate in piazza Cittadella, poi vennero trasferite presso l’Arena. Fu ricomposto nel 1932 con i blocchi originali.\n
In calcare bianco locale, presenta una struttura a quattro fronti, i cui due principali erano rivolti verso la via Postumia. L’arco è ad unico fornice incorniciato da colonne corinzie (le cui basi sono decorate con bassorilievi vegetali) e da un timpano triangolare; il soffitto interno è a cassettoni e presenta una testa di Medusa.\n
Nelle nicchie sui frontoni principali si trovavano statue raffiguranti alcuni membri della famiglia dei Gavi, con relative iscrizioni (ora andate perdute). Sotto l’arco è stato posto un tratto di strada romana, in basalto nero, che reca i segni del passaggio di carri.","Monumenti","","","no","0","Arco dei Gavi, Corso Castelvecchio, 2 - Verona1","45.440121","10.988838"
"44","Porta Borsari","Il nome ha origine bassomedievale e deriva dai bursarii che qui, all’epoca, riscuotevano i dazi vescovili. In epoca romana era chiamata Porta Iovia, nome che le veniva dalla presenza di un tempio dedicato a Giove, posto appena fuori della porta (i cui resti sono visibili nei giardini del Cimitero Monumentale).\n
Aperta probabilmente nel I sec. a.C. sulla via Postumia (che nel tratto urbano costituiva il decumano massimo) e rinnovata nel I sec. d.C., era l’ingresso principale della città e la sua funzione di rappresentanza era sottolineata da ricche decorazioni ornamentali.\n
Porta Borsari era un edificio con corte centrale e doppi passaggi nelle facciate.
Di tale costruzione resta solo la facciata esterna in calcare bianco locale, con due fornici inquadrati da edicole e sormontati da due ordini di finestre, sei delle quali incorniciate da fini decorazioni.\n
Sull’architrave sopra i fornici l’imperatore Gallieno fece incidere un’iscrizione che ricordasse la ricostruzione nel 265 d.C. della cinta muraria urbana (in realtà il suo fu un intervento di ripristino e ampliamento, non di ricostruzione).","Monumenti","","","no","0","Porta Borsari, Corso Porta Borsari - Verona1","45.4419495","10.993385"
"46","Ponte Pietra","Costruito a cavallo dell'Adige dove fin dalla preistoria esisteva un guado tra il colle di S. Pietro e la pianura, la mancanza dell'allineamento con il reticolo viario urbano romano ha fatto pensare ad una realizzazione del ponte precedente all'89 a.C.\n
Nei secoli ha subito numerosi crolli, ricostruzioni e restauri.  Gli interventi più importanti furono quello del II sec. d.C. che portò all'inserimento di blocchi di marmo; quello del 1298 che lo dotò delle torri in testa al ponte (una distrutta nel 1801); quello del 1520 di fra' Giocondo; quello del 1957-59, quando il ponte venne completamente ricostruito per anastilosi perché i tedeschi in ritirata, nel 1945, l’avevano fatto esplodere.\n
I blocchi di pietra e i mattoni, proiettati nel letto del fiume dall'esplosione, furono recuperati, ordinati e numerati, consentendone il reimpiego nella ricostruzione.\n
Il ponte attuale è a cinque arcate. Le prime due a sinistra sono romane, in grossi blocchi di calcare bianco locale; nella pila fra le due arcate è visibile una delle finestrelle (in origine, una su ogni pila) che assicuravano un efficace sfogo alla corrente del fiume in piena. Nell'arco della seconda arcata è visibile una figura scultorea maschile del II o III sec. d.C. L'arcata destra, con la rimanente torre di testa, risale al rifacimento in mattoni del 1298, voluto da Alberto I della Scala. Le due arcate al centro risalgono probabilmente alla ricostruzione del 1520.","Monumenti","","","no","0","Ponte Pietra - Verona1","45.447743","11.000101"
"47","Teatro Romano","Il teatro fu costruito sulle pendici del colle di San Pietro verso la fine del I sec. a.C., durante il principato di Ottaviano Augusto.\n
La costruzione, di spettacolare grandiosità, si estendeva dalla riva sinistra dell'Adige alla sommità del colle, ed era in rapporto scenografico con l'impianto urbanistico romano, posto sulla riva destra del fiume.\n
Nel corso dei secoli edifici civili e religiosi vennero eretti sulle rovine del teatro; nel 1834 Andrea Monga, un ricco commerciante veronese, acquistò parte delle case costruite nell'area per effettuare scavi, che portarono al recupero di notevoli resti.\n
Il teatro risponde ai canoni architettonici propri di questo tipo di edifici: la cavea riservata agli spettatori, divisa in due sezioni e verticalmente in cunei; l'orchestra semicircolare ai piedi della gradinata; la scena, riservata agli attori. Nel periodo estivo vi si tengono rappresentazioni teatrali e musicali (Estate Teatrale Veronese).\n
Nel 1923 il Museo Archeologico fu collocato nei locali dell'ex-convento di San Girolamo, costruito al di sopra del teatro nel tardo Quattrocento; vi sono esposti oggetti provenienti da collezioni donate al museo e materiali romani rinvenuti a Verona e nella provincia, come iscrizioni sacre e sepolcrali, mosaici, sculture e recipienti di uso quotidiano.","Monumenti","lun 13.30 - 19.30<br/>mar - dom  8.30 - 19.30 <br/>chiusura biglietteria alle 18.45","Fino alla conclusione dell'intervento di restauro, il biglietto di ingresso per la visita della sola cavea del Teatro è ridotto alla tariffa unica di € 1,00","riduzione","4.5","Teatro Romano, Piazzetta Martiri della Libertà - Verona1","45.447093","11.001868"
"48","Porta Leoni","Posta sul cardo massimo della città romana, è chiamata con questo nome dal XV sec., per la presenza nelle vicinanze di un sarcofago romano in pietra con due leoni (ora posto dietro al monumento ad Umberto I).\n
La porta era alta 13 metri (quanto le mura cittadine), aveva pianta quadrata e una corte interna, doppie fornici sulle facciate e gallerie nei piani superiori. Gli angoli del fronte esterno erano fiancheggiati da due torri poligonali di raccordo alle mura. Sulle torri e sulle gallerie si aprivano numerose finestre.\n
Nel I sec. a.C. venne costruita in tufo e mattoni; più tardi, nel I sec. d.C. alle facciate di mattoni vennero addossati prospetti in pietra bianca locale, che rispecchiavano le strutture architettoniche precedenti, ma presentavano decorazioni più ricche.\n
Ciò che rimane della Porta dei Leoni è murato in un palazzo del XIII sec. (più volte rimaneggiato). Si tratta di metà della facciata interna della porta d'età repubblicana, con il successivo prospetto in pietra: un unico fornice inquadrato da un'edicola, sormontato da finestre centinate e riquadrate e, più in alto, da ciò che rimane di un'esedra (forse all'epoca adorna di statue) affiancata da colonnine tortili.\n
Sotto via Leoni sono venuti alla luce altri resti del monumento: parte del muro laterale (con l'attacco alle mura cittadine), frammenti della pavimentazione della corte interna e i basamenti delle grandi torri (uno lasciato a cielo aperto, l'altro conservato nelle cantine di un edificio nei pressi).","Monumenti","","","no","0","Porta Leoni, Via Leoni - Verona1","45.4404835","10.9996801"
"49","Anfiteatro Arena","Costruito presumibilmente nella I metà del I secolo d.C., è il monumento più famoso di Verona ed una tappa d'obbligo per chi visita questa città.\n
Il maestoso anfiteatro, come tutte le costruzioni adibite a spettacoli di lotte tra gladiatori e cacce ad animali feroci ed esotici, è formato da una zona centrale con sabbia (da qui l'origine del nome del complesso) ed una parte che circonda la prima, formata da una cavea a gradinate di larghezza costante.\n
Le due parti appena descritte erano separate tra loro da un alto podio sul quale s’installavano delle reti protettive perché gli spettatori restassero incolumi, soprattutto durante gli spettacoli di caccia. Sia il podio che le gradinate sono state ricostruite e, mentre in passato le gradinate erano divise in settori orizzontali (maeniana), oggi sono un blocco unico.\n
La sua forma ellittica era stata concepita sia per poter contenere quanti più spettatori possibile (ne poteva contenere 30 mila tutti con una buona visuale) sia perché ci fosse spazio sufficiente di movimento per chi si esibiva. Oggi si accede al monumento passando per i cosiddetti arcovoli.\n
I muri interni sono costituiti da ciottoli di fiume, malta e fasce formate da tre corsi di laterizi; ciottoli e cemento formano invece le volte e nella parte superiore delle stesse troviamo dei blocchetti irregolari di tufo per alleggerirne il peso. Le membrature portanti e le strutture architravate sono formate da pietra calcarea perché ci sia la massima resistenza alla compressione.\n
Dell'anello esterno oggi è rimasto solo un breve tratto, la cosiddetta ala e la causa è l’utilizzo durante i secoli del monumento come cava di pietre: nel 1840, quando fu dichiarata “gradibus vacua” e i gradoni iniziarono ad essere utilizzati per attingere materiale per costruire altri complessi.\n
Il prospetto esterno è formato da blocchi di pietra calcarea della Valpolicella combinati con bugnato bianco e rosato. Il risultato è una bicromia, evidenziata dall’alternarsi dei due tipi di pietra. Lo stile della facciata è in ordine architettonico tuscanico.\n
Gli archi del I e del II piano sono sostenuti da pilastri decorati da lesene e cornici semplici che ne sostengono l'imposta, mentre quelli del II piano contengono finestre arcuate e il fatto che siano arretrate rispetto alla superficie crea un effetto di chiaroscuro.\n
L'architettura dell'Arena è caratterizzata da potenza, semplicità e funzionalità e influenzerà le opere cinquecentesche del Palladio e del Sanmicheli. Come testimonianza di quanto si svolgeva nell'Arena, abbiamo due copie di un'iscrizione, una conservata al museo Maffeiano e l'altra a quello Archeologico, di una certa Licina che lascia in testamento una sostanziale somma in denaro per far svolgere una caccia alle fiere in nome del figlio Quinto Domizio Alpino; e una lettera scritta da Plinio il Giovane all'amico Massimo nella quale, si congratula per lo svolgersi dei giochi, emblema del buon cuore del destinatario della missiva.\n
Nel museo archeologico sono oggi conservate alcune sculture che un tempo abbellivano il complesso: una mano di un pugile, in bronzo, protetta dal caestus (una sorta d'antico guantone); una testa di gladiatore realizzata in tufo, con tutto il viso coperto fatta eccezione per gli occhi e infine una testa femminile idealizzata.\n
Dopo il periodo romano, il complesso ha svolto diverse funzioni. Già dal Medioevo, gli arcovoli esterni erano proprietà del Comune e l'interno era adibito a giostre e tornei; nel corso dei secoli gli arcovoli sono stati adibiti a vari usi, anche per relegarci le prostitute della città e, fino al XIX secolo, per ospitare botteghe artigianali.\n
Lo spazio interno serviva per amministrare la giustizia, poi come palco per feste e intrattenimenti di vario genere. A partire dal 1913, anno della prima rappresentazione dell'Aida di Verdi, è il palco della stagione lirica estiva.","Monumenti","mar-dom 8.30 - 19.30<br/><br/>lun 8.30 - 19.30 nei mesi di giugno, luglio, agosto e settembre.<br/><br/>(la biglietteria chiude alle 18.30)","intero €10,00<br/><br/>ridotto €7,50 <br/><br/>gruppi (min 15 pers) €7,50<br/><br/>scolaresche e bambini 8-14 anni €1,00 <br/><br/>0-7 anni gratuito<br/><br/>prima domenica del mese €1,00<br/>(da ottobre a maggio)","riduzione","10","Anfiteatro Arena, Piazza Bra - Verona1","45.439116","10.994672"
"50","Castelvecchio","Maniero scaligero voluto da Cangrande II, fu costruito negli anni 1354-56 su preesistenti fortificazioni. Aveva funzione di residenza signorile, ma anche di presidio difensivo sia verso attacchi dalla città sia verso il ponte che consentiva il collegamento con la strada per il Tirolo. Presenta due nuclei, divisi da un tratto delle mura duecentesche e sette torri perimetrali; il nucleo di destra racchiude il cortile maggiore, con la piazza d'armi; il nucleo di sinistra era la vera e propria reggia scaligera, con cortile più stretto e doppia cinta muraria. Al centro, l'alta Torre del Mastio (1376), da cui si accede al ponte Scaligero sull'Adige.\n
Dopo la caduta degli Scaligeri fu utilizzato come deposito d'armi dai veneziani e nel '700 ospitò l'Accademia Militare della Serenissima; in seguito, sotto il dominio francese e quello austriaco, venne utilizzato come caserma. Tra il 1923 e il 1926 fu avviato un radicale restauro che smantellò i caratteri militari del monumento, con l'inserimento di elementi architettonici tardogotici e rinascimentali di reimpiego e il ripristino delle merlature e delle coperture delle torri (eliminate in epoca napoleonica).\n
Nel 1928 diventò sede museale, che espone importanti collezioni di arte medievale, rinascimentale e moderna.","Monumenti","mar-dom 8.30-19.30 <br/>lun 13.30-19.30","intero €6,00 <br/>ridotto €4,50 <br/>gruppi(min 15 pers) €4,50  <br/>scolaresche e bambini 8-14 anni €1,00<br/>gratuito 0-7 anni","riduzione","6","Corso Castelvecchio, 2 - Verona1","45.4395227","10.9878302"
"53","Biblioteca Capitolare","La biblioteca Capitolare ha sede nel palazzo del Canonicato. Fondata come ""scriptorium"" nel V secolo, è una delle più importanti biblioteche ecclesiastiche d'Europa. Vi sono conservati antichi libri miniati, preziosissimi manoscritti e numerose rare pubblicazioni. In evidenza: le Istituzioni di Gaio, unico testo di diritto romano pervenutoci pressoché completo; un'edizione del De Civitate Dei di S. Agostino, probabilmente contemporanea all'autore; l'Evangeliario Purpureo del V sec., il Lettere d'oro e d'argento, su pergamena intrisa di color porpora; numerosi manoscritti del IX sec.; la collezione di manoscritti raccolti da Scipione Maffei.","Monumenti","mar-ven 9.30-12.30<br/><br/>sab 16.00-18.00 (con visita guidata)<br/><br/>dom 10.00-13.00 (con visita guidata)<br/><br/><br/>si consiglia di controllare il sito della biblioteca per possibili variazioni durante il periodo estivo","","no","0","Piazza Duomo, 13 - Verona1","45.4470935","10.9963448"
"55","Arche Scaligere","Presso la chiesa di S. Maria Antica, in una piazzola quasi appendice di piazza dei Signori, si possono ammirare le tombe monumentali degli Scaligeri, insigni monumenti dell’arte gotica.\n
In uno splendido recinto di ferro battuto, con ricche decorazioni su cui spicca il motivo della scala (simbolo dei signori), sono racchiusi diversi sarcofagi posti a terra o su mensole (il primo ad essere sepolto qui sembra sia stato Mastino I nel 1277), ma soprattutto le tre monumentali tombe marmoree a baldacchino di Cangrande I, di Mastino II e di Cansignorio.\n
Alle tre arche maggiori, sormontate da cuspidi, recanti la statua equestre del defunto e circondate da numerosi elementi decorativi, hanno lavorato numerosi artisti, soprattutto lapidici veneti, lombardi e toscani.\n
L'arca di Cangrande I, pensile, posta sopra il portale della chiesa, è la prima delle tombe monumentali ad essere costruita, opera del Maestro di S. Anastasia.\n
Il sarcofago è sostenuto da cani che recano gli stemmi scaligeri ed è protetto da un tabernacolo gotico; sul coperchio vi si trova la statua distesa di Cangrande I, mentre sul fronte si possono osservare degli altorilievi di soggetto religioso e dei bassorilievi che narrano le gesta militare del signore; sulla sommità del baldacchino è collocata la statua equestre di Cangrande I, copia dell'originale più volte restaurato e ora conservato al museo di Castelvecchio insieme al corredo funerario, recuperato quando l'arca è stata aperta nel 1921.\n
L'arca di Mastino II, iniziata nel 1345, prima della morte del committente, era originariamente dipinta e dorata. È cinta da una cancellata ai cui angoli si trovano quattro statue delle Virtù. Le facce dell'urna presentano decorazioni scultoree con motivi religiosi e, sul coperchio, la statua di Mastino II distesa, vegliata da angeli.\n
Il ricco baldacchino ad archi trilobati, presenta sul frontone preziosi altorilievi con scene di storia sacra. Sulla cuspide si trova una copia della statua equestre di Mastino II, completamente chiusa nell’armatura e in rigida posizione di comando, mentre l'originale è visibile al museo di Castelvecchio.\n
L'arca di Cansignorio (1375) è la più ricca di decorazioni, forse fin troppo elaborata. Concepita su disegno di Bonino da Campione, le sculture sono state realizzate da questo artista e da altre maestranze campionesi e locali.\n
A base esagonale, è cinta da una cancellata adorna di 6 statue di santi guerrieri; 6 colonne reggono il piano di marmo rosso su cui è appoggiato il sarcofago decorato con bassorilievi con storie tratte dai Vangeli (alcune di queste decorazioni recano tracce di originarie colorazioni).\n
Anche il baldacchino ad archi polilobati si alza su 6 colonnine tortili, riccamente decorate. Nei timpani sono scolpite statue raffiguranti le Virtù; tra questi e in piccoli tabernacoli laterali, sono collocate statue di angeli che reggono lo scudo degli Scaligeri. La cuspide esagonale termina con un plinto con sculture di Apostoli, sopra cui si innalza la grande statua equestre di Cansignorio.\n
Tra le altre sepolture scaligere presenti nell'area, sono da ricordare il sarcofago di Alberto I (1301), riccamente scolpito e l'arca pensile di Giovanni della Scala (1359), opera di Andriolo de' Santi precedentemente posta presso la chiesa di S. Fermo Maggiore.","Monumenti","dal 1° giugno al 30 settembre 2017<br/><br/>da martedì a domenica, dalle 10 alle 13 e dalle 14 alle 18 <br/><br/>(chiuso il lunedì)","Il prezzo del biglietto è di 1,00 euro.","riduzione","1","via Santa Maria Antica, 1 - Verona1","45.4435218","10.9989774"
"56","Piazza dei Signori o Piazza Dante","Originata dallo sviluppo dei palazzi in cui si decideva la vita politica e amministrativa, soprattutto del periodo scaligero, la piazza è circondata da edifici monumentali collegati fra loro da portici e arcate, quasi a creare una specie di corte interna. Al centro della piazza di trova il monumento a Dante (1865), statua di 3 metri in marmo bianco di Carrara, eretta in occasione delle celebrazioni del sesto centenario della nascita del poeta, che presso la corte di Cangrande trovò il suo primo rifugio dopo l'esilio da Firenze.\n
Entrando nella piazza passando sotto l’Arco della Costa a sinistra si può ammirare la facciata della Domus Nova. Già citata nei documenti della metà del XII sec., fu sede prima del podestà e dei Consigli minori, poi (dal XV sec.) abitazione dei giudici veneziani. Gran parte del palazzo crollò nel 1511, e venne ricostruito solo più di un secolo dopo.\n
Proseguendo lungo il perimetro della piazza, in senso orario, ammiriamo la rinascimentale Loggia del Consiglio, e quindi il Palazzo degli Scaligeri, che furono Signori di Verona dal 1260 al 1387. Il palazzo è ora sede della Prefettura e della Provincia. Dalla piazza si scorge Santa Maria Antica, cappella privata del palazzo e, nel cortile di questa piccola chiesa romanica, si innalzano le Arche Scaligere, suggestivo complesso funerario, esempio dell'architettura e della scultura gotica in Italia, dove trovano sepoltura alcuni rappresentanti dei della Scala come Cangrande e Cansignorio.\n
Segue il Palazzo del Capitanio, altro palazzo scaligero, dalla caratteristica torre angolare che domina la piazza, collegata da un arco che sovrasta una strada di epoca romana, al Palazzo della Ragione o del Comune, a strati alterni di tufo e di mattoni. Dall'arco si accede al cortile del Mercato Vecchio, con la splendida scala gotica a due rampe, detta Scala della Ragione, del XV secolo. Tornando sulla piazza a destra troviamo l'accesso alla Torre dei Lamberti, da cui ammirare un suggestivo panorama della città.","Monumenti","zona pedonale","","no","0","piazza dei Signori - Verona1","45.443503","10.9980494"
"57","Palazzo del Capitanio o del Tribunale","Il palazzo, detto anche di Cansignorio, fu residenza scaligera già dal XIII sec. e ricostruito da Cansignorio nella seconda metà del XIV sec. La costruzione sorse in realtà, su un complesso di edifici di epoche e con destinazioni d’uso diverse, di cui reca ancora le tracce. Fu ristrutturata alla fine dell’800 per accogliere gli uffici giudiziari.\n
Il palazzo presenta un massiccio torrione scaligero, un bel portale di Michele Sanmicheli, un cortile centrale del XV sec., chiuso e delimitato da una loggia a tre ordini con portico. Da notare anche la porta dei Bombardieri, del XVII sec.","Monumenti","","","no","0","piazza dei Signori - Verona1","45.443407","10.9985134"
"58","Palazzo della Ragione o del Comune","Situato tra la bellissima piazza delle Erbe e piazza dei Signori, costituisce da sempre il cuore pulsante di Verona.\n
Un angolo in cui diversi elementi architettonici si sono sovrapposti dando forma nei secoli a un complesso monumentale che ha rappresentato e tuttora rappresenta la città nel suo centro più antico.\n
Il maestoso edificio scaligero del XII secolo, dopo diversi interventi di restauro, viene ora restituito alla città non solo nella sua parte architettonica e monumentale, ma anche come sede della cultura veronese ospitando la Galleria d’Arte Moderna Achille Forti.\n
La sua collezione dedicata alle arti visive del XIX e del XX secolo, si unisce per la prima volta con le raccolte della Fondazione Cariverona e della Fondazione Domus, e si presenta al pubblico come storia e racconto del collezionismo pubblico e privato.\n
Con questo progetto il Comune di Verona, insieme alla Fondazione Cariverona, restituisce quindi alla città, ai suoi abitanti, e al pubblico internazionale un luogo emblematico per la città e per la sua storia.\n
Il complesso architettonico, la cui storia si snoda nei secoli intrecciandosi con la vita cittadina, viene oggi riproposto e restituito come un insieme organico e armonico, un unico corpo in cui gli elementi che lo compongono si uniscono: il Palazzo, simbolo del potere cittadino, la Torre dei Lamberti, che svetta come emblema del potere temporale, lo scrigno decorato della Cappella dei Notai, e la Scala della Ragione, cuore e volume della Corte del Mercato Vecchio.\n
La Torre, realizzata nel XII secolo, e quindi più o meno coeva alla prima costruzione del Palazzo, per il suo sviluppo verticale che tocca gli 84 metri di altezza, offre vedute sulla città e sul territorio circostante di grande suggestione ed è per tutti i veronesi un segno familiare e un punto di riferimento visivo del paesaggio e del panorama della città.\n
Il Cortile, cinto da un porticato con arcate a tutto sesto sostenuto da pilastri a bugne rustiche, è connotato da una caratteristica colorazione data da fasce alternate di mattoni e tufo.\n
Proprio nell'ampio spazio del Cortile del Mercato Vecchio si innesta la Scala della Ragione, un gioiello tardogotico costruito in marmo rosso veronese, che conduce il pubblico verso il grande portale del piano nobile, nuovo e centrale punto d’accesso alla Galleria d'Arte Moderna del Palazzo.\n
La Scala permette un nuovo percorso interno e soprattutto restituisce quella centralità che Camillo Boito le donò negli ultimi anni dell’Ottocento, restaurandola come idealmente avrebbe dovuto essere l'originale.\n
La scelta del Palazzo come sede della Galleria è inoltre da considerarsi una vera e propria riconsegna delle arti a Palazzo della Ragione: il piano nobile era infatti nel XIX secolo sede dell'Accademia Cignaroli di Belle Arti, come testimonia anche l'affresco di Giovanni Bevilacqua sul portale alla sommità della Scala, che rappresenta l'allegoria di Verona tra le Arti.","Monumenti","da martedì a venerdì dalle 10.00 alle 18.00<br/>sabato, domenica e festivi dalle 11.00 alle 19.00<br/><br/>la biglietteria chiude 45 minuti prima.<br/><br/>chiuso il lunedì","","no","0","piazza dei Signori - Verona1","45.4431191","10.9979367"
"59","Torre dei Lamberti","Una delle torri superstiti del Palazzo della Ragione o del Comune è l'unica torre privata di Verona, eretta dalla famiglia dei Lamberti (di cui non si conosce praticamente nulla) nel 1172, in tufo e cotto.\n
Nel 1448-64 vennero operati lavori di restauro e di ulteriore innalzamento della costruzione, che raggiunse gli attuali 84 metri. Alla fine del '700 le fu applicato un grande orologio.\n
Nel 1295 vi furono collocate due campane: la Marangona suonava l'ora della fine del lavoro per gli artigiani e dava l'allarme in caso d'incendi, mentre il Rengo radunava il consiglio comunale richiamava i cittadini alle armi in caso di pericolo per la città.\n
Dalla sommità della torre (raggiungibile con le scale e con l'ascensore) si gode uno spettacolare panorama del centro storico cittadino.","Monumenti","lun-ven 10.00-18.00<br/><br/>chiusura cassa 45' minuti prima<br/><br/>sabato e domenica 11.00-19.00<br/><br/>chiusura cassa 45' minuti prima","lunedi euro 5,00<br/><br/>da martedì a venerdì:<br/><br/>biglietto unico Torre dei Lamberti + Galleria d’Arte Moderna Achille Forti<br/>Intero: 8,00 € <br/>Ridotto* 5,00 € <br/>Scolaresche:1,00 € <br/><br/><br/><br/>*Hanno diritto al biglietto ridotto gruppi superiori a 15 persone; ragazzi dagli 8 ai 14 anni; studenti dai 14 ai 30 anni (con tessera studenti o libretto universitario); adulti oltre i 60 anni di età; possessori delle apposite convenzioni. <br/><br/>Gratuito per i bambini fino a 7 anni, residenti con più di 65 anni, portatori di handicap e accompagnatori, insegnanti accompagnatori di scolaresche (due per ogni classe indipendentemente dal numero di studenti)","riduzione","8","Via dalla Costa, 2  - Verona1","45.4429629","10.9976605"
"60","Piazza Erbe","La piazza ricalca l'impianto dell'antico Foro Romano e per secoli è stata il centro della vita politica ed economica della città. La zona centrale (il cosiddetto ""toloneo"") è ancor oggi animata da un colorato mercato. Tra le caratteristiche bancarelle si ergono colonne e monumenti.\n
Provenendo da Via Mazzini si trovano: la colonna del mercato (1401), sormontata da un'edicola gotica (nelle cui nicchie sono scolpite figure a soggetto religioso aggiunte nel 1930) e voluta da Gian Galeazzo Visconti per esporre le insegne della sua signoria; la berlina o capitello, baldacchino in marmo a pianta quadrata esistente dal XII secolo, sotto cui sedevano i podestà alla cerimonia d'insediamento e che reca su gradini e pilastri misure commerciali veronesi; la fontana di Madonna Verona (fatta erigere nel 1368 da Cansignorio) che presenta vasca e stelo ornati da teste in rilievo e figure simboliche (opera forse di Bonino da Campione) ed è sormontata dalla figura di Madonna Verona, statua romana del I sec. d.C. (le cui parti mancanti di testa e braccia furono fatte completare da Cansignorio al momento della realizzazione della fontana); la colonna di San Marco del 1523, in marmo bianco, sulla cui sommità fu issato il leone simbolo della Repubblica di Venezia (distrutto dai francesi, l'attuale è del 1886).\n
La piazza è incorniciata da palazzi ed edifici che hanno segnato la storia di Verona. Sempre provenendo da Via Mazzini, all’angolo sud-est della piazza si può osservare una serie di edifici che conservano ancora le linee strutturali delle case-torri d'età comunale, residuo dell'antico ghetto. Segue poi la Domus Mercatorum (Casa dei Mercanti) rifatta in muratura nel 1301 da Alberto I della Scala; il palazzo presenta un portico retto da colonne e pilastri, ampie bifore e merlatura; nell'800 una ristrutturazione ne alterò le originarie forme romaniche e l'edificio divenne sede della Camera di Commercio.\n
Seguono una serie di case rinascimentali su cui s'innalza la Torre Del Gardello, merlata e in mattoni, fatta erigere da Cansignorio nel 1370 per collocarvi il più antico orologio a campana di Verona.
Di fianco alla Torre si trova Palazzo Maffei: imponente edificio del 1668 in forme tardo-barocche, è dotato di terrazza (in origine con giardino pensile) con balaustra ornata da 6 statue di divinità pagane (Ercole, Giove, Venere, Mercurio, Apollo e Minerva).\n
Alla destra della piazza si trovano le cinquecentesche Case Dei Mazzanti (un tempo Domus Blandorum scaligera che, nel XIV, al pianoterra, ospitava botteghe e abitazioni private, mentre il piano superiore era adibito a granaio), unite da portico; le facciate sulla piazza e su Corso Santa Anastasia sono state riccamente affrescate da Alberto Cavalli nella prima metà del '500.\n
L'ultimo tratto della piazza è occupato dal retro della Domus Nova e il prospetto laterale neoclassico del Palazzo della Ragione o del Comune, in mezzo ai quali è appoggiato l'arco della Costa (così chiamato per la presenza, dalla metà del '700, di una costola di balena che pende dalla volta) da cui ci si immette in Piazza dei Signori. Sulle due piazze svetta la Torre dei Lamberti.","Monumenti","zona pedonale","","no","0","Piazza Erbe - Verona1","45.4432057","10.9970811"
"72","Loggia del Consiglio","Detta anche ""loggia di Fra' Giocondo"" per un'erronea attribuzione al celebre architetto veronese, fu eretta nel 1476-93 per volere dei maggiorenti del Comune di Verona, come sede delle riunioni del Consiglio cittadino (in realtà istituzione formale, perché il dominio veneziano impediva ogni forma reale d’autonomia).\n
Nell'800 la loggia fu provvisoriamente adibita a pinacoteca civica e, per adattarla meglio a tale funzione, subì pesanti rifacimenti nel 1820-38 e nel 1870-74 che alterarono gli interni (pavimenti, soffitti e decorazioni pittoriche vennero rifatti), mentre l'edificio veniva riempito di medaglioni e busti celebrativi di personaggi veronesi (la protomoteca, istituita nel 1810 e costituita da 110 immagini scolpite, ora conservate presso la biblioteca Civica).\n
La facciata è opera di artisti umanisti veronesi, mentre la decorazione pittorica che ne ricopriva l'intera superficie (quella attuale è frutto dell'intervento del 1870) è di maestri comacini. Presenta un portico a otto arcate a tutto sesto, mentre sul piano nobile si aprono quattro ampie bifore (frontoni e paraste scolpite).\n
Sulla sommità del palazzo si trovano le statue di illustri personaggi della Verona romana (Catullo, Plinio, Emilio Macro, Vitruvio e Cornelio Nepote), di Alberto da Milano.\n
All'interno delle sale della loggia sono conservati alcuni dipinti commissionati dal Consiglio nel XVI sec.; altre tele del '500 e '600 furono trasferite a palazzo Barbieri o andarono distrutte. Della metà del '700 è invece il dipinto Pomponio Trionfatore di Giambettino Cignaroli.\n
La loggia del Consiglio attualmente è sede delle riunioni del Consiglio provinciale e di manifestazioni culturali.\n 
Sull'arco che unisce la loggia alla Casa della Pietà (ricostruita nel 1490 su residenze di origine scaligera) si trova la statua di Girolamo Fracastoro (grande medico, poeta e astronomo veronese) scolpita nel 1559 da Danese Cattaneo.","Monumenti","","","no","0","Piazza dei Signori - Verona1","45.4437156","10.9981191"
"75","Giardino Giusti","Il giardino costituisce un complesso urbano di grande interesse e bellezza che è stato visitato e celebrato nei secoli da illustri personaggi della storia e della cultura.\n 
Natura, arte, storia, rendono famoso il giardino Giusti nel mondo.\n
Creato alla fine del 1400, il giardino si presenta oggi nella struttura datagli da Agostino Giusti, Cavaliere della Repubblica Veneta e gentiluomo del Granduca di Toscana. Fu progettato come sfondo del palazzo Giusti ed è dotato di terrazzi in modo da poter progressivamente scoprire alla vista la città, secondo un percorso preordinato.\n 
Situato di fronte all'atrio cinquecentesco, il famoso viale di cipressi si inerpica fino ad una grotta di stalattiti, sovrastata da un “mascherone” costruito per poter emettere dalla bocca lingue di fuoco. Dal belvedere si gode uno dei più bei panorami di Verona.","Monumenti","tutto l'anno 9.00-19.00 (tranne il 25 dicembre)<br/><br/>Visita appartamenti (tutto l'anno) 10.00-18.00","intero €8,50 <br/><br/>ridotto €5,00 <br/><br/>gruppi (min 15 pers) €5,00<br/><br/>scuole €3,00 <br/><br/>0-11 anni gratuito","riduzione","3.5","Via giardino Giusti, 2 - Verona1","45.4436667","11.0071608"
"77","Piazza Bra","Questa grande piazza offre uno straordinario colpo d'occhio sulla storia veronese; è il foyeur dell’Arena, in occasione degli spettacoli che richiamano migliaia di spettatori. È da più di due secoli il passeggio amato dai veronesi lungo il Liston e fu lastricato tra il 1770 e il 1782 con marmo rosa della Valpolicella, il medesimo usato per costruire l’Anfiteatro romano.\n
E’ il luogo dove ci si incontra a commentare i fatti quotidiani o dove si consuma un caffè o un aperitivo in uno dei numerosi bar, aperti anche durante l'inverno. Testimone della vitalità cittadina e cornice ai numerosi eventi che si svolgono in piazza Bra o in Arena, è stato reso ulteriormente scenografico dalle nuove strutture in ghisa, a supporto dei colorati tendoni, disegnate dal maestro Franco Zeffirelli e progettate dall’architetto Gualtiero Rizzi. Il Palazzo della Gran Guardia ospita importanti eventi culturali, mentre Palazzo Barbieri accoglie oggi il Municipio della Città.\n
Un vecchio orologio, donato nel 1871 dal conte Antonio Nogarola e posto tra i due archi dei trecenteschi Portoni della Bra, continua a indicare le ore ai passanti. Verso la metà del XII secolo nell’ampio spazio vuoto attorno all'Arena si teneva mercato di legname, fieno e bestiame; funzione che si consolidò tra il XVIII e il XIX secolo. Nel 1897 la piazza era già sede della Fiera dei cavalli più importante del nord-est. Oggi è una delle maggiori in Europa.\n
Antiche carte menzionano Piazza Bra come foro boario: la tradizione è sopravvissuta nella fiera di Santa Lucia, che si tiene qui ogni anno. L'urbanizzazione del sito richiamò diverse attività e sorsero altri palazzi tra il XVI e il XVIII secolo. La parte centrale fu sistemata a giardino nel 1873.","Monumenti","zona pedonale<br/>parzialmente libera al traffico<br/>no ZTL","","no","0","Piazza Bra - Verona1","45.4388376","10.9924248"
"78","Palazzo del Governo e della Prefettura","Detto anche di Cangrande, fu costruito all'inizio del XIV sec., ma venne più volte rimaneggiato. L'ultimo restauro del 1929-30 ha tentato di restituirgli (attraverso abbattimenti di parti di epoche diverse, il ripristino della merlatura e l'inserimento di elementi architettonici consoni) le strutture medievali, di cui rimanevano significativi esempi nel cortile.\n
Anche questo palazzo è in realtà un complesso di diversi fabbricati, sviluppato intorno a una corte interna rettangolare, con loggia a due ordini con portico, edificata nel XIV sec. da Cansignorio; le pareti delle stanze della loggia erano completamente coperte dai dipinti di Jacopo Avanzi e Altichiero (i due massimi pittori veronesi del '300). Dei gruppi di affreschi dei due autori è stato trovato solo il Partimento di Medaglie dell'Altichiero, staccato nel 1967, restaurato e ora conservato presso il museo degli Affreschi.\n
Nel 1533 il podestà veneziano (che qui aveva la sua sede) commissionò a Michele Sanmicheli il portale dell'ingresso sulla Piazza, fatto a somiglianza dell'Arco dei Gavi. Centro fondamentale della cultura trecentesca a Verona, grazie al mecenatismo della famiglia della Scala, vi furono ospiti Dante e probabilmente anche Giotto.","Monumenti","","","no","0","Piazza dei Signori  - Verona1","45.4436592","10.9986421"
"200","Museo Africano","Allestito dai Padri Comboniani, è stato fondato nel 1938 con lo scopo di valorizzare le realtà culturali delle popolazioni africane presso cui vivono i missionari.\n
Sono presenti pannelli descrittivi che ripercorrono le vicende storiche africane, una vastissima raccolta di oggetti etnografici (soprattutto strumenti musicali, giochi e suppellettili) provenienti da Egitto, Sudan, Congo, Togo, Burkina Faso e altri stati africani e una biblioteca specializzata.\n
Nel 1996 una radicale ristrutturazione ha permesso di riqualificare la funzione del Museo, attraverso l'introduzione di nuove tecniche multimediali. Ora, accanto alla funzione etnografica, il Museo ha assunto il ruolo di centro di dialogo interculturale per l'educazione allo scambio con le culture e le tradizioni dei popoli dei Paesi del Sud del Mondo. Periodicamente è sede di mostre temporanee a tema.","Musei e Centri Espositivi","Martedì-Venerdì: 9.00-12.30 e 14.00-17.00<br/><br/>Sabato: 9.00-12.30<br/><br/>I e III Domenica del mese: 14.00-18.00. (Possibili variazioni in concomitanza con mostre temporanee)<br/><br/>Giorno di chiusura: Lunedì","Intero  €5,00 <br/><br/>Ridotto  €3,00<br/><br/>7-18 anni €2,00<br/><br/>0-6 anni gratuità","riduzione","2","Vicolo Pozzo, 1  Verona1","45.446307","11.0060531"
"201","Museo di Storia Naturale","Il Museo Civico di Storia Naturale di Verona, che trova sede nel prestigioso palazzo Pompei, ospita varie sezioni scientifiche dedicate allo studio di minerali e rocce, paleontologia e zoologia.\n
Le sezioni di preistoria e botanica sono state trasferite alla Palazzina Comando dell'ex Arsenale Militare Austriaco. Il materiale scientifico raccolto dai ricercatori del Museo e da tanti naturalisti, nel corso di ormai quasi cinque secoli, viene oggi meticolosamente preparato e catalogato, prima di essere studiato e quindi conservato nelle collezioni o esposto nelle sale.\n
Il Museo svolge quindi un ruolo attivo e determinante nella ricerca scientifica e nella pubblicazione di saggi e testi divulgativi.\n
Il fiore all’occhiello del museo è senza dubbio la sezione dedicata ai fossili di Bolca, esemplari di oltre 250 specie animali e 200 vegetali provenienti dai monti Lessini  a 50 chilometri da Verona portavoce di quella che era la vita sulla Terra 50 milioni di anni fa e di come si sia evoluta.","Musei e Centri Espositivi","<p>aperto da luned&igrave; a gioved&igrave; dalle 9 alle 17<br />il sabato e la domenica dalle 14 alle 18<br />chiuso il venerd&igrave;</p>","<ul><li>intero: &euro; 4,50</li><li>ridotto gruppi, anziani (over 60) e studenti: &euro; 3,00</li><li>ridotto scuole/ragazzi 8-14 anni (solo accompagnati): &euro; 1,00</li><li>ingresso gratuito: anziani (over 65) residenti nel Comune di Verona - portatori di handicap e loro accompagnatori - bambini fino a 7 anni -&nbsp;con&nbsp;<a href=""/nqcontent.cfm?a_id=38678"">VeronaCard</a></li></ul>","riduzione","4.5","Lungadige Porta Vittoria 9, Verona1","45.4383803","11.0022014"
"202","Museo degli Affreschi ""G.B. Cavalcaselle"" e Tomba di Giulietta","Il complesso conventuale di S. Francesco al Corso risale al XIII secolo.\n
Nel 1935 Antonio Avena, allora Direttore dei Musei Civici, apriva al pubblico la cosiddetta “Tomba di Giulietta”, cioè il luogo in cui era stata posta l’arca che secondo la leggenda accolse i corpi di Romeo e Giulietta, facendone punto di attrazione turistica.\n
Nell'annesso Museo degli Affreschi “G.B. Cavalcaselle” (inaugurato nel 1975) sono esposti cicli di affreschi provenienti da edifici veronesi dal Medioevo al Cinquecento e sculture dell’Ottocento, mentre la chiesa di S. Francesco ospita opere su tela di grandi dimensioni dal Cinquecento al Settecento.\n
Nel sotterraneo è collocato un deposito di anfore romane del I secolo d.C. rinvenute in scavi della zona. Nel cortile è depositato materiale lapideo (architettonico e scultoreo) medievale e moderno in previsione dell’allestimento di un lapidario.","Musei e Centri Espositivi","<p>aperto il luned&igrave; dalle 13.30 alle 19.30<br />da marted&igrave; a domenica dalle 8.30 alle 19.30<br />(ultimo ingresso alle 18.30)</p>","<ul><li>intero:&nbsp;&euro;&nbsp;4,50</li><li>ridotto gruppi, anziani (over 60) e studenti:&nbsp;&euro;&nbsp;3,00</li><li>ridotto scuole/ragazzi 8-14 anni (solo accompagnati):&nbsp;&euro;&nbsp;1,00</li><li>cumulativo Tomba di Giulietta/Casa di Giulietta&nbsp;intero:&nbsp;&euro;&nbsp;7,00 - ridotto:&nbsp;&euro;&nbsp;5,00</li><li>ingresso gratuito: anziani (over 65) residenti nel Comune di Verona - portatori di handicap e loro accompagnatori - bambini fino a 7 anni -&nbsp;con&nbsp;<a href=""/nqcontent.cfm?a_id=38678"">VeronaCard</a></li></ul>","riduzione","4.5","Via Luigi da Porto 5, Verona1","45.4337465","10.9969899"
"203","Galleria d'Arte Moderna ""Achille Forti""","Dopo varie campagne di restauro, uno degli edifici più significativi e centrali della città, Palazzo della Ragione, dal 12 aprile 2014 è la nuova sede della Galleria d'Arte Moderna Achille Forti.\n
Da sempre cuore pulsante del centro cittadino, il Palazzo ospita le collezioni comunali per la prima volta unite a quelle della Fondazione Cariverona e della Fondazione Domus.\n
Il complesso monumentale che comprende la Torre dei Lamberti, la Cappella dei Notai e la Scala della Ragione, viene quindi restituito alla città e ai suoi visitatori, che nelle quattro magnifiche sale allestite con i capolavori delle collezioni possono riscoprire opere straordinarie, dal 1840 al 1940, che raccontano la storia di Verona, delle sue collezioni e del loro rapporto con la città. Tra queste, la Meditazione di Francesco Hayez e i dipinti di Giovanni Fattori, Angelo Morbelli, Felice Casorati, Guido Trentini, Giacomo Balla, Umberto Boccioni, Gino Rossi, Filippo de Pisis, Giorgio Morandi e le sculture di Medardo Rosso e Arturo Martini.\n
La nuova Galleria perpetua il nome del grande mecenate Achille Forti (1878-1937): botanico di origine borghese, questo illustre cittadino lasciò al comune di Verona la maggior parte del suo vasto patrimonio, il palazzo dove risiedeva, e la sua collezione d’arte.\n
Grazie a molteplici donazioni e a un programma di acquisizioni che hanno ampliato questo nucleo originario, oggi la Galleria d’Arte Moderna a Palazzo della Ragione si presenta ai cittadini di Verona e al vasto pubblico internazionale ulteriormente arricchita confermandosi uno dei luoghi di grande varietà e qualità del patrimonio visivo e artistico italiano.","Musei e Centri Espositivi","<p>aperto da marted&igrave; a venerd&igrave; dalle 10 alle 18<br />sabato e domenica dalle 11 alle 19 (ultimo ingresso ore 18.15)<br />luned&igrave; chiuso.</p>","<ul><li>intero: € 4,00</li><li>ridotto gruppi, anziani (over 60) e studenti: € 2,50</li><li>ridotto scuole/ragazzi 8-14 anni (solo accompagnati): € 1,00</li><li>ingresso gratuito: anziani (over 65) residenti nel Comune di Verona - portatori di handicap e loro accompagnatori - bambini fino a 7 anni - con <a href=""/nqcontent.cfm?a_id=38678"">VeronaCard</a></li></ul>","gratis","1","Cortile Mercato Vecchio, Verona1","45.4431229","10.9980252"
"42","Museo archeologico al teatro romano","Il Museo Archeologico totalmente rinnovato ed ampliato è situato nell'eccezionale contesto paesaggistico del teatro romano, che si estendeva dalla riva del fiume alla sommità del colle di San Pietro.\n
Sui resti dell'edificio da spettacolo, nel Quattrocento fu costruito un convento dai Gesuati, una confraternita specializzata nella preparazione di medicine per gli infermi, che prediligeva per le proprie sedi i luoghi ricchi di acqua.\n
L'ingresso all'area archeologica è situato nel palazzetto Fontana, che ingloba tratti di murature della grande costruzione della scena del teatro, alta in origine circa 30 metri.\n
In vari luoghi del monumento sono visibili lapidi e rilievi romani, mentre in alto nella splendida cornice del monastero si snoda con passaggi all'aperto neglia antichi chiostri, l'esposizione di una ricca collezione di reperti di notevolissimo valore legati anche alle decorazioni scultoree del Teatro Romano e dell'Arena.\n
La particolarissima collocazione costituisce un elemento fondamentale ed eccezionale della visita all'intero complesso: lo splendido panorama del teatro e della città dall'alto consente infatti di mettere immediatamente in relazione ciò che è esposto nel Museo con il contesto esterno e fa di questo luogo una delle mete imperdibili di Verona.","Musei e Centri Espositivi","<p>aperto il luned&igrave; dalle 13.30 alle 19.30<br />da marted&igrave; a domenica dalle 8.30 alle 19.30<br />(ultimo ingresso alle 18.30)</p>","<ul><li>intero:&nbsp;&euro;&nbsp;4,50</li><li>ridotto gruppi, anziani (over 60) e studenti:&nbsp;&euro;&nbsp;3,00</li><li>ridotto scuole/ragazzi 8-14 anni (solo accompagnati):&nbsp;&euro;&nbsp;1,00</li><li>cumulativo Tomba di Giulietta/Casa di Giulietta&nbsp;intero:&nbsp;&euro;&nbsp;7,00 - ridotto:&nbsp;&euro;&nbsp;5,00</li><li>ingresso gratuito: anziani (over 65) residenti nel Comune di Verona - portatori di handicap e loro accompagnatori - bambini fino a 7 anni -&nbsp;con&nbsp;<a href=""/nqcontent.cfm?a_id=38678"">VeronaCard</a></li></ul>","riduzione","4.5","Piazzetta Martiri della Libertà - Verona1","45.44708","11.00186"
"45","Sito archeologico degli scavi Scaligeri","Verso la fine degli anni settanta, il Comune di Verona iniziò i lavori di restauro del complesso del Palazzo del Capitanio, in Piazza dei Signori. Gli scavi eseguiti in questa occasione hanno portato alla luce numerosi resti archeologici romani e medievali, ora lasciati in vista.\n
L’area interessata è costituita dalla zona del cortile del palazzo, da Via Dante e da una parte del Palazzo della Ragione o del Comune ed è una delle aree archeologiche urbane più estese del Nord Italia.\n
In età romana, la zona era occupata da case più volte ristrutturate, fino al V sec. d.C. Nel secolo successivo le abitazioni vennero abbandonate, dopo un lungo periodo di decadenza urbana (come indicato dal progressivo impoverimento dei materiali edilizi utilizzato per le costruzioni successive al V sec.) e fino al X sec. l’area fu adibita ad orto.\n
Dall’XI sec. nella zona venne impiantato il cimitero della chiesa di S. Maria Antica, abbandonato alla fine del XII sec., quando sull’area ricominciano ad essere costruiti nuovi edifici. Nel XIII sec. Alberto I della Scala si appropria di tutta l’area e vi comincia a edificare i palazzi della famiglia scaligera. Le tracce di queste differenti epoche sono state ritrovate durante le ricerche archeologiche.\n
L’ingresso agli Scavi è situato in Cortile del Tribunale, verso Piazza Viviani. Scesa la scala, il visitatore segue un suggestivo percorso nella storia che non presenta un preciso ordine cronologico in un susseguirsi di testimonianze di epoche diverse.\n
All’epoca romana appartengono un mosaico pavimentale, con motivi geometrici e animali, e i resti di una casa, di edifici pubblici, di una strada lastricata in calcare e di una fognatura a volta in mattoni, della metà del I sec.\n
Risalgono all’epoca medievale due tombe che facevano parte del cimitero di S. Maria Antica, una cantina appartenente al palazzo di Alberto I della Scala (fine XIII sec.), le fondamenta di una casa-torre quadrata, esempi di muratura appartenenti a periodi diversi.\n
Di epoca longobarda è invece una tomba per due individui, rinvenuta con alcuni oggetti di corredo.\n
Questo interessante percorso, restaurato e reso visitabile grazie al lavoro dell’architetto veronese Libero Cecchini è stato adibito nel 1996 dal Comune di Verona a spazio espositivo per iniziative di carattere fotografico.
È così diventato sede del Centro Internazionale di Fotografia Scavi Scaligeri, nato per contribuire alla divulgazione, allo studio e allo sviluppo dell’arte fotografica.","Musei e Centri Espositivi","Dall'11 maggio 2015 le attività del Centro Internazionale di Fotografia Scavi Scaligeri sono sospese per gli adeguamenti necessari in vista dei lavori di restauro del Palazzo del Capitanio.","","no","0","Sito archeologico degli scavi Scaligeri, Cortile del Tribunale (Piazza Viviani) - Verona1","45.443061","10.9998448"
"61","Casa di Giulietta","L'edificio, risalente al XIII sec., fu a lungo proprietà della famiglia Cappello, il cui stemma è scolpito sull'arco interno del cortile. L'identificazione dei Cappello con i Capuleti ha dato origine alla convinzione che lì sorgesse la casa di Giulietta, eroina della tragedia di Shakespeare.\n
La dimora medievale restaurata pittorescamente da Antonio Avena a metà degli anni '30, è stata nel recente passato adibita a mostre temporanee.\n
L'edificio presenta una bella facciata interna in mattoni a vista, un portale in stile gotico, finestre trilobate, una balaustra che mette in comunicazione dall'esterno i vari corpi della casa e, ovviamente, il famoso balcone.\n
Nel cortile è collocata la statua in bronzo di Giulietta, opera dello scultore Nereo Costantini.\n 
La casa di Giulietta è una delle suggestive sedi che la città mette a disposizione degli sposi per la celebrazione del loro matrimonio.","Musei e Centri Espositivi","mar-dom 8.30-19-30<br/>lun 13.30-19.30","intero €6,00 <br/>ridotto €4,50 <br/>gruppi (min 15 pers) €4,50 <br/>scolaresche e bambini 8-14 anni €1,00 <br/>0-7 anni gratuito","riduzione","6","Via Cappello, 23 - Verona1","45.4418507","10.9984303"
"71","Museo di Castelvecchio","Nel 1928 una parte del complesso di Castelvecchio venne adibita a sede museale.\n
Danneggiato dai bombardamenti nel corso della seconda guerra mondiale, rimase vuoto per una decina d'anni.\n
Nel 1957 l'architetto Carlo Scarpa e il direttore del Museo, Licisco Magagnato, avviarono una radicale opera di ristrutturazione e riallestimento museale. I lavori, terminati nel 1964, riportarono alla luce l'antica Porta del Morbio, che si apriva nella cinta muraria del XII sec., e restituirono alla città una sede museale universalmente riconosciuta come uno dei capolavori della museografia italiana.\n
Esprime infatti la genialità dell'architetto veneziano nell'integrare le strutture del passato con l'innovazione del presente e nel rendere l'esperienza di visita al Museo ricca di emozioni e di suggestioni.\n
Il Museo di Castelvecchio espone importanti collezioni di arte medievale, rinascimentale e moderna (fino al XVIII secolo); 29 sono le sale dedicate all'esposizione di dipinti, sculture, reperti archeologici e armi. Il museo ospita inoltre un Gabinetto Disegni e Stampe, un Gabinetto Numismatico, e sala Boggian, dedicata ad esposizioni temporanee.","Musei e Centri Espositivi","<p>aperto il luned&igrave; dalle 13.30 alle 19.30<br />da marted&igrave; a domenica dalle 8.30 alle 19.30<br />(ultimo ingresso alle 18.45)</p>","<ul><li>biglietto intero: &euro; 6,00</li><li>ridotto gruppi, anziani (over 60) e studenti:&nbsp;&euro;&nbsp;4,50</li><li>ridotto scuole/ragazzi 8-14 anni (solo accompagnati):&nbsp;&euro;&nbsp;1,00</li><li>cumulativo Castelvecchio/Maffeiano: intero&nbsp;&euro;&nbsp;7,00 - ridotto:&nbsp;&euro;&nbsp;5,00</li><li>ingresso gratuito: anziani (over 65) residenti nel Comune di Verona - portatori di handicap e loro accompagnatori - bambini fino a 7 anni -&nbsp;con&nbsp;<a href=""/nqcontent.cfm?a_id=38678"">VeronaCard</a></li></ul>","gratis","1","Corso Castelvecchio, 2 - Verona1","45.4397711","10.9878302"
"76","Museo Lapidario Maffeiano","Fra i più antichi musei pubblici europei, il Lapidario vanta una collezione epigrafica greca, etrusca, paleoveneta e romana, ma anche araba di grande pregio. Fu istituito nel 1745 grazie soprattutto all'appassionata opera di raccolta di Scipione Maffei, insigne uomo di cultura veronese.\n
Il museo sorge nel luogo compreso fra le antiche mura che congiungevano piazza Bra e Castelvecchio e fu originariamente pensato come giardino di accesso al teatro dell'Accademia Filarmonica. Oggi possiamo ammirare al suo interno le epigrafi che, a partire dal 1612, la stessa Accademia filarmonica ha acquistato, esponendole successivamente al pubblico.\n
Il museo fu originariamente allestito da Scipione Maffei, fu poi acquistato dal Comune nel 1883 e infine riorganizzato secondo criteri moderni nel 1982.","Musei e Centri Espositivi","<p>aperto dal marted&igrave; alla domenica<br />dalle 8.30 alle 14<br />chiuso il luned&igrave;</p>","<ul><li>intero: &euro; 4,50</li><li>ridotto gruppi, anziani (over 60) e studenti: &euro; 3,00</li><li>ridotto scuole/ragazzi 8-14 anni (solo accompagnati): &euro; 1,00</li><li>cumulativo Maffeiano/Arena intero:&nbsp;&euro; 11,00 - ridotto:&nbsp;&euro; 8,00</li></ul>","gratis","1","Piazza Bra 28 - Verona1","45.4382674","10.9910917"
"61","Casa di Giulietta","L'edificio, risalente al XIII sec., fu a lungo proprietà della famiglia Cappello, il cui stemma è scolpito sull'arco interno del cortile. L'identificazione dei Cappello con i Capuleti ha dato origine alla convinzione che lì sorgesse la casa di Giulietta, eroina della tragedia di Shakespeare.\n
La dimora medievale restaurata pittorescamente da Antonio Avena a metà degli anni '30, è stata nel recente passato adibita a mostre temporanee.\n
L'edificio presenta una bella facciata interna in mattoni a vista, un portale in stile gotico, finestre trilobate, una balaustra che mette in comunicazione dall'esterno i vari corpi della casa e, ovviamente, il famoso balcone.\n
Nel cortile è collocata la statua in bronzo di Giulietta, opera dello scultore Nereo Costantini.\n 
La casa di Giulietta è una delle suggestive sedi che la città mette a disposizione degli sposi per la celebrazione del loro matrimonio.","Palazzi, torri e castelli","mar-dom 8.30-19-30<br/>lun 13.30-19.30","intero €6,00 <br/>ridotto €4,50 <br/>gruppi (min 15 pers) €4,50 <br/>scolaresche e bambini 8-14 anni €1,00 <br/>0-7 anni gratuito","riduzione","6","Via Cappello, 23 - Verona1","45.4418507","10.9984303"
"45","Sito archeologico degli scavi Scaligeri","Verso la fine degli anni settanta, il Comune di Verona iniziò i lavori di restauro del complesso del Palazzo del Capitanio, in Piazza dei Signori. Gli scavi eseguiti in questa occasione hanno portato alla luce numerosi resti archeologici romani e medievali, ora lasciati in vista.\n
L’area interessata è costituita dalla zona del cortile del palazzo, da Via Dante e da una parte del Palazzo della Ragione o del Comune ed è una delle aree archeologiche urbane più estese del Nord Italia.\n
In età romana, la zona era occupata da case più volte ristrutturate, fino al V sec. d.C. Nel secolo successivo le abitazioni vennero abbandonate, dopo un lungo periodo di decadenza urbana (come indicato dal progressivo impoverimento dei materiali edilizi utilizzato per le costruzioni successive al V sec.) e fino al X sec. l’area fu adibita ad orto.\n
Dall’XI sec. nella zona venne impiantato il cimitero della chiesa di S. Maria Antica, abbandonato alla fine del XII sec., quando sull’area ricominciano ad essere costruiti nuovi edifici. Nel XIII sec. Alberto I della Scala si appropria di tutta l’area e vi comincia a edificare i palazzi della famiglia scaligera. Le tracce di queste differenti epoche sono state ritrovate durante le ricerche archeologiche.\n
L’ingresso agli Scavi è situato in Cortile del Tribunale, verso Piazza Viviani. Scesa la scala, il visitatore segue un suggestivo percorso nella storia che non presenta un preciso ordine cronologico in un susseguirsi di testimonianze di epoche diverse.\n
All’epoca romana appartengono un mosaico pavimentale, con motivi geometrici e animali, e i resti di una casa, di edifici pubblici, di una strada lastricata in calcare e di una fognatura a volta in mattoni, della metà del I sec.\n
Risalgono all’epoca medievale due tombe che facevano parte del cimitero di S. Maria Antica, una cantina appartenente al palazzo di Alberto I della Scala (fine XIII sec.), le fondamenta di una casa-torre quadrata, esempi di muratura appartenenti a periodi diversi.\n
Di epoca longobarda è invece una tomba per due individui, rinvenuta con alcuni oggetti di corredo.\n
Questo interessante percorso, restaurato e reso visitabile grazie al lavoro dell’architetto veronese Libero Cecchini è stato adibito nel 1996 dal Comune di Verona a spazio espositivo per iniziative di carattere fotografico.
È così diventato sede del Centro Internazionale di Fotografia Scavi Scaligeri, nato per contribuire alla divulgazione, allo studio e allo sviluppo dell’arte fotografica.","Siti archeologici","Dall'11 maggio 2015 le attività del Centro Internazionale di Fotografia Scavi Scaligeri sono sospese per gli adeguamenti necessari in vista dei lavori di restauro del Palazzo del Capitanio.","","no","0","Sito archeologico degli scavi Scaligeri, Cortile del Tribunale (Piazza Viviani) - Verona1","45.443061","10.9998448"
